{"cameraMode":{"drawMode":0,"name":"Shaded","section":"Shading Mode"},"sceneLighting":true,"audioPlay":false,"sceneViewState":{"m_AlwaysRefresh":false,"showFog":true,"showSkybox":true,"showFlares":true,"showImageEffects":true,"showParticleSystems":true,"showVisualEffectGraphs":true,"m_FxEnabled":true},"in2DMode":false,"pivot":{"x":345.2755126953125,"y":227.78204345703126,"z":398.5645751953125},"rotation":{"x":-0.00032505099079571664,"y":0.9516286253929138,"z":0.0011455343337729574,"w":0.3073141276836395},"size":12.461819648742676,"orthographic":false}